{
  "model_name": "Diabetes Risk Predictor",
  "version": "1.0.0",
  "input_features": [
    "age",
    "sex",
    "bmi",
    "bp",
    "s1",
    "s2",
    "s3",
    "s4",
    "s5",
    "s6"
  ],
  "target": "diabetes_progression_binary",
  "threshold": 0.5,
  "metrics": {
    "accuracy": 0.8089887499809265,
    "precision": 0.7647058963775635,
    "recall": 0.8863636255264282,
    "auc": 0.8459595441818237
  },
  "inference_time_ms": 46.68860673904419
}